"Problem","Severity","Normalized Severity","File","Line","Column","Rule","Description","URL","Category","Engine"
"1","2","1","/home/runner/work/devTestProject0901/devTestProject0901/force-app/main/default/lwc/fetchProjectDetails/fetchProjectDetails.js","1","14","comma-spacing","A space is required after ','.","https://eslint.org/docs/latest/rules/comma-spacing","layout","eslint-lwc"
"2","2","1","/home/runner/work/devTestProject0901/devTestProject0901/force-app/main/default/lwc/fetchProjectDetails/fetchProjectDetails.js","1","15","sort-imports","Member 'api' of the import declaration should be sorted alphabetically.","https://eslint.org/docs/latest/rules/sort-imports","suggestion","eslint-lwc"
"3","2","1","/home/runner/work/devTestProject0901/devTestProject0901/force-app/main/default/lwc/fetchProjectDetails/fetchProjectDetails.js","1","36","object-curly-spacing","There should be no space before '}'.","https://eslint.org/docs/latest/rules/object-curly-spacing","layout","eslint-lwc"
"4","2","1","/home/runner/work/devTestProject0901/devTestProject0901/force-app/main/default/lwc/fetchProjectDetails/fetchProjectDetails.js","1","44","quotes","Strings must use doublequote.","https://eslint.org/docs/latest/rules/quotes","layout","eslint-lwc"
"5","2","1","/home/runner/work/devTestProject0901/devTestProject0901/force-app/main/default/lwc/fetchProjectDetails/fetchProjectDetails.js","2","9","object-curly-spacing","There should be no space after '{'.","https://eslint.org/docs/latest/rules/object-curly-spacing","layout","eslint-lwc"
"6","2","1","/home/runner/work/devTestProject0901/devTestProject0901/force-app/main/default/lwc/fetchProjectDetails/fetchProjectDetails.js","2","24","object-curly-spacing","There should be no space before '}'.","https://eslint.org/docs/latest/rules/object-curly-spacing","layout","eslint-lwc"
"7","2","1","/home/runner/work/devTestProject0901/devTestProject0901/force-app/main/default/lwc/fetchProjectDetails/fetchProjectDetails.js","2","32","quotes","Strings must use doublequote.","https://eslint.org/docs/latest/rules/quotes","layout","eslint-lwc"
"8","2","1","/home/runner/work/devTestProject0901/devTestProject0901/force-app/main/default/lwc/fetchProjectDetails/fetchProjectDetails.js","3","1","max-len","This line has a length of 97. Maximum allowed is 80.","https://eslint.org/docs/latest/rules/max-len","layout","eslint-lwc"
"9","2","1","/home/runner/work/devTestProject0901/devTestProject0901/force-app/main/default/lwc/fetchProjectDetails/fetchProjectDetails.js","3","36","quotes","Strings must use doublequote.","https://eslint.org/docs/latest/rules/quotes","layout","eslint-lwc"
"10","2","1","/home/runner/work/devTestProject0901/devTestProject0901/force-app/main/default/lwc/fetchProjectDetails/fetchProjectDetails.js","4","24","quotes","Strings must use doublequote.","https://eslint.org/docs/latest/rules/quotes","layout","eslint-lwc"
"11","2","1","/home/runner/work/devTestProject0901/devTestProject0901/force-app/main/default/lwc/fetchProjectDetails/fetchProjectDetails.js","5","16","@lwc/lwc/consistent-component-name","Lightning component class should be named ""FetchProjectDetails"".","https://github.com/salesforce/eslint-plugin-lwc/blob/v1.6.3/docs/rules/consistent-component-name.md","problem","eslint-lwc"
"12","2","1","/home/runner/work/devTestProject0901/devTestProject0901/force-app/main/default/lwc/fetchProjectDetails/fetchProjectDetails.js","5","67","padded-blocks","Block must be padded by blank lines.","https://eslint.org/docs/latest/rules/padded-blocks","layout","eslint-lwc"
"13","2","1","/home/runner/work/devTestProject0901/devTestProject0901/force-app/main/default/lwc/fetchProjectDetails/fetchProjectDetails.js","7","5","lines-between-class-members","Expected blank line between class members.","https://eslint.org/docs/latest/rules/lines-between-class-members","layout","eslint-lwc"
"14","2","1","/home/runner/work/devTestProject0901/devTestProject0901/force-app/main/default/lwc/fetchProjectDetails/fetchProjectDetails.js","7","33","quotes","Strings must use doublequote.","https://eslint.org/docs/latest/rules/quotes","layout","eslint-lwc"
"15","2","1","/home/runner/work/devTestProject0901/devTestProject0901/force-app/main/default/lwc/fetchProjectDetails/fetchProjectDetails.js","8","5","lines-between-class-members","Expected blank line between class members.","https://eslint.org/docs/latest/rules/lines-between-class-members","layout","eslint-lwc"
"16","2","1","/home/runner/work/devTestProject0901/devTestProject0901/force-app/main/default/lwc/fetchProjectDetails/fetchProjectDetails.js","8","23","space-infix-ops","Operator '=' must be spaced.","https://eslint.org/docs/latest/rules/space-infix-ops","layout","eslint-lwc"
"17","2","1","/home/runner/work/devTestProject0901/devTestProject0901/force-app/main/default/lwc/fetchProjectDetails/fetchProjectDetails.js","9","5","lines-between-class-members","Expected blank line between class members.","https://eslint.org/docs/latest/rules/lines-between-class-members","layout","eslint-lwc"
"18","2","1","/home/runner/work/devTestProject0901/devTestProject0901/force-app/main/default/lwc/fetchProjectDetails/fetchProjectDetails.js","9","16","space-infix-ops","Operator '=' must be spaced.","https://eslint.org/docs/latest/rules/space-infix-ops","layout","eslint-lwc"
"19","2","1","/home/runner/work/devTestProject0901/devTestProject0901/force-app/main/default/lwc/fetchProjectDetails/fetchProjectDetails.js","10","5","lines-between-class-members","Expected blank line between class members.","https://eslint.org/docs/latest/rules/lines-between-class-members","layout","eslint-lwc"
"20","2","1","/home/runner/work/devTestProject0901/devTestProject0901/force-app/main/default/lwc/fetchProjectDetails/fetchProjectDetails.js","12","19","space-infix-ops","Operator '=' must be spaced.","https://eslint.org/docs/latest/rules/space-infix-ops","layout","eslint-lwc"
"21","2","1","/home/runner/work/devTestProject0901/devTestProject0901/force-app/main/default/lwc/fetchProjectDetails/fetchProjectDetails.js","13","5","lines-between-class-members","Expected blank line between class members.","https://eslint.org/docs/latest/rules/lines-between-class-members","layout","eslint-lwc"
"22","2","1","/home/runner/work/devTestProject0901/devTestProject0901/force-app/main/default/lwc/fetchProjectDetails/fetchProjectDetails.js","14","5","lines-between-class-members","Expected blank line between class members.","https://eslint.org/docs/latest/rules/lines-between-class-members","layout","eslint-lwc"
"23","2","1","/home/runner/work/devTestProject0901/devTestProject0901/force-app/main/default/lwc/fetchProjectDetails/fetchProjectDetails.js","15","5","lines-between-class-members","Expected blank line between class members.","https://eslint.org/docs/latest/rules/lines-between-class-members","layout","eslint-lwc"
"24","2","1","/home/runner/work/devTestProject0901/devTestProject0901/force-app/main/default/lwc/fetchProjectDetails/fetchProjectDetails.js","16","5","lines-between-class-members","Expected blank line between class members.","https://eslint.org/docs/latest/rules/lines-between-class-members","layout","eslint-lwc"
"25","2","1","/home/runner/work/devTestProject0901/devTestProject0901/force-app/main/default/lwc/fetchProjectDetails/fetchProjectDetails.js","16","22","space-infix-ops","Operator '=' must be spaced.","https://eslint.org/docs/latest/rules/space-infix-ops","layout","eslint-lwc"
"26","2","1","/home/runner/work/devTestProject0901/devTestProject0901/force-app/main/default/lwc/fetchProjectDetails/fetchProjectDetails.js","17","5","lines-between-class-members","Expected blank line between class members.","https://eslint.org/docs/latest/rules/lines-between-class-members","layout","eslint-lwc"
"27","2","1","/home/runner/work/devTestProject0901/devTestProject0901/force-app/main/default/lwc/fetchProjectDetails/fetchProjectDetails.js","17","22","space-infix-ops","Operator '=' must be spaced.","https://eslint.org/docs/latest/rules/space-infix-ops","layout","eslint-lwc"
"28","2","1","/home/runner/work/devTestProject0901/devTestProject0901/force-app/main/default/lwc/fetchProjectDetails/fetchProjectDetails.js","18","5","lines-between-class-members","Expected blank line between class members.","https://eslint.org/docs/latest/rules/lines-between-class-members","layout","eslint-lwc"
"29","2","1","/home/runner/work/devTestProject0901/devTestProject0901/force-app/main/default/lwc/fetchProjectDetails/fetchProjectDetails.js","18","26","space-before-function-paren","Missing space before function parentheses.","https://eslint.org/docs/latest/rules/space-before-function-paren","layout","eslint-lwc"
"30","2","1","/home/runner/work/devTestProject0901/devTestProject0901/force-app/main/default/lwc/fetchProjectDetails/fetchProjectDetails.js","18","29","padded-blocks","Block must be padded by blank lines.","https://eslint.org/docs/latest/rules/padded-blocks","layout","eslint-lwc"
"31","2","1","/home/runner/work/devTestProject0901/devTestProject0901/force-app/main/default/lwc/fetchProjectDetails/fetchProjectDetails.js","19","24","space-infix-ops","Operator '=' must be spaced.","https://eslint.org/docs/latest/rules/space-infix-ops","layout","eslint-lwc"
"32","2","1","/home/runner/work/devTestProject0901/devTestProject0901/force-app/main/default/lwc/fetchProjectDetails/fetchProjectDetails.js","20","32","space-infix-ops","Operator '=' must be spaced.","https://eslint.org/docs/latest/rules/space-infix-ops","layout","eslint-lwc"
"33","2","1","/home/runner/work/devTestProject0901/devTestProject0901/force-app/main/default/lwc/fetchProjectDetails/fetchProjectDetails.js","21","9","no-console","Unexpected console statement.","https://eslint.org/docs/latest/rules/no-console","suggestion","eslint-lwc"
"34","2","1","/home/runner/work/devTestProject0901/devTestProject0901/force-app/main/default/lwc/fetchProjectDetails/fetchProjectDetails.js","21","21","quotes","Strings must use doublequote.","https://eslint.org/docs/latest/rules/quotes","layout","eslint-lwc"
"35","2","1","/home/runner/work/devTestProject0901/devTestProject0901/force-app/main/default/lwc/fetchProjectDetails/fetchProjectDetails.js","23","13","quote-props","Unquoted property 'title' found.","https://eslint.org/docs/latest/rules/quote-props","suggestion","eslint-lwc"
"36","2","1","/home/runner/work/devTestProject0901/devTestProject0901/force-app/main/default/lwc/fetchProjectDetails/fetchProjectDetails.js","23","20","quotes","Strings must use doublequote.","https://eslint.org/docs/latest/rules/quotes","layout","eslint-lwc"
"37","2","1","/home/runner/work/devTestProject0901/devTestProject0901/force-app/main/default/lwc/fetchProjectDetails/fetchProjectDetails.js","24","13","quote-props","Unquoted property 'message' found.","https://eslint.org/docs/latest/rules/quote-props","suggestion","eslint-lwc"
"38","2","1","/home/runner/work/devTestProject0901/devTestProject0901/force-app/main/default/lwc/fetchProjectDetails/fetchProjectDetails.js","24","13","sort-keys","Expected object keys to be in ascending order. 'message' should be before 'title'.","https://eslint.org/docs/latest/rules/sort-keys","suggestion","eslint-lwc"
"39","2","1","/home/runner/work/devTestProject0901/devTestProject0901/force-app/main/default/lwc/fetchProjectDetails/fetchProjectDetails.js","24","22","quotes","Strings must use doublequote.","https://eslint.org/docs/latest/rules/quotes","layout","eslint-lwc"
"40","2","1","/home/runner/work/devTestProject0901/devTestProject0901/force-app/main/default/lwc/fetchProjectDetails/fetchProjectDetails.js","25","13","quote-props","Unquoted property 'variant' found.","https://eslint.org/docs/latest/rules/quote-props","suggestion","eslint-lwc"
"41","2","1","/home/runner/work/devTestProject0901/devTestProject0901/force-app/main/default/lwc/fetchProjectDetails/fetchProjectDetails.js","25","22","quotes","Strings must use doublequote.","https://eslint.org/docs/latest/rules/quotes","layout","eslint-lwc"
"42","2","1","/home/runner/work/devTestProject0901/devTestProject0901/force-app/main/default/lwc/fetchProjectDetails/fetchProjectDetails.js","27","40","padded-blocks","Block must be padded by blank lines.","https://eslint.org/docs/latest/rules/padded-blocks","layout","eslint-lwc"
"43","2","1","/home/runner/work/devTestProject0901/devTestProject0901/force-app/main/default/lwc/fetchProjectDetails/fetchProjectDetails.js","29","5","lines-between-class-members","Expected blank line between class members.","https://eslint.org/docs/latest/rules/lines-between-class-members","layout","eslint-lwc"
"44","2","1","/home/runner/work/devTestProject0901/devTestProject0901/force-app/main/default/lwc/fetchProjectDetails/fetchProjectDetails.js","29","25","space-before-function-paren","Missing space before function parentheses.","https://eslint.org/docs/latest/rules/space-before-function-paren","layout","eslint-lwc"
"45","2","1","/home/runner/work/devTestProject0901/devTestProject0901/force-app/main/default/lwc/fetchProjectDetails/fetchProjectDetails.js","29","33","padded-blocks","Block must be padded by blank lines.","https://eslint.org/docs/latest/rules/padded-blocks","layout","eslint-lwc"
"46","2","1","/home/runner/work/devTestProject0901/devTestProject0901/force-app/main/default/lwc/fetchProjectDetails/fetchProjectDetails.js","30","19","space-infix-ops","Operator '=' must be spaced.","https://eslint.org/docs/latest/rules/space-infix-ops","layout","eslint-lwc"
"47","2","1","/home/runner/work/devTestProject0901/devTestProject0901/force-app/main/default/lwc/fetchProjectDetails/fetchProjectDetails.js","31","24","space-infix-ops","Operator '=' must be spaced.","https://eslint.org/docs/latest/rules/space-infix-ops","layout","eslint-lwc"
"48","2","1","/home/runner/work/devTestProject0901/devTestProject0901/force-app/main/default/lwc/fetchProjectDetails/fetchProjectDetails.js","32","9","no-console","Unexpected console statement.","https://eslint.org/docs/latest/rules/no-console","suggestion","eslint-lwc"
"49","2","1","/home/runner/work/devTestProject0901/devTestProject0901/force-app/main/default/lwc/fetchProjectDetails/fetchProjectDetails.js","32","21","quotes","Strings must use doublequote.","https://eslint.org/docs/latest/rules/quotes","layout","eslint-lwc"
"50","2","1","/home/runner/work/devTestProject0901/devTestProject0901/force-app/main/default/lwc/fetchProjectDetails/fetchProjectDetails.js","32","32","comma-spacing","A space is required after ','.","https://eslint.org/docs/latest/rules/comma-spacing","layout","eslint-lwc"
"51","2","1","/home/runner/work/devTestProject0901/devTestProject0901/force-app/main/default/lwc/fetchProjectDetails/fetchProjectDetails.js","32","33","function-call-argument-newline","There should be a line break after this argument.","https://eslint.org/docs/latest/rules/function-call-argument-newline","layout","eslint-lwc"
"52","2","1","/home/runner/work/devTestProject0901/devTestProject0901/force-app/main/default/lwc/fetchProjectDetails/fetchProjectDetails.js","32","53","padded-blocks","Block must be padded by blank lines.","https://eslint.org/docs/latest/rules/padded-blocks","layout","eslint-lwc"
"53","2","1","/home/runner/work/devTestProject0901/devTestProject0901/force-app/main/default/lwc/fetchProjectDetails/fetchProjectDetails.js","34","5","lines-between-class-members","Expected blank line between class members.","https://eslint.org/docs/latest/rules/lines-between-class-members","layout","eslint-lwc"
"54","2","1","/home/runner/work/devTestProject0901/devTestProject0901/force-app/main/default/lwc/fetchProjectDetails/fetchProjectDetails.js","34","18","space-before-function-paren","Missing space before function parentheses.","https://eslint.org/docs/latest/rules/space-before-function-paren","layout","eslint-lwc"
"55","2","1","/home/runner/work/devTestProject0901/devTestProject0901/force-app/main/default/lwc/fetchProjectDetails/fetchProjectDetails.js","34","19","no-unused-vars","'event' is defined but never used.","https://eslint.org/docs/latest/rules/no-unused-vars","problem","eslint-lwc"
"56","2","1","/home/runner/work/devTestProject0901/devTestProject0901/force-app/main/default/lwc/fetchProjectDetails/fetchProjectDetails.js","34","25","padded-blocks","Block must be padded by blank lines.","https://eslint.org/docs/latest/rules/padded-blocks","layout","eslint-lwc"
"57","2","1","/home/runner/work/devTestProject0901/devTestProject0901/force-app/main/default/lwc/fetchProjectDetails/fetchProjectDetails.js","34","25","space-before-blocks","Missing space before opening brace.","https://eslint.org/docs/latest/rules/space-before-blocks","layout","eslint-lwc"
"58","2","1","/home/runner/work/devTestProject0901/devTestProject0901/force-app/main/default/lwc/fetchProjectDetails/fetchProjectDetails.js","36","1","no-trailing-spaces","Trailing spaces not allowed.","https://eslint.org/docs/latest/rules/no-trailing-spaces","layout","eslint-lwc"
"59","2","1","/home/runner/work/devTestProject0901/devTestProject0901/force-app/main/default/lwc/fetchProjectDetails/fetchProjectDetails.js","37","33","space-infix-ops","Operator '=' must be spaced.","https://eslint.org/docs/latest/rules/space-infix-ops","layout","eslint-lwc"
"60","2","1","/home/runner/work/devTestProject0901/devTestProject0901/force-app/main/default/lwc/fetchProjectDetails/fetchProjectDetails.js","37","40","padded-blocks","Block must be padded by blank lines.","https://eslint.org/docs/latest/rules/padded-blocks","layout","eslint-lwc"
"61","2","1","/home/runner/work/devTestProject0901/devTestProject0901/force-app/main/default/lwc/fetchProjectDetails/fetchProjectDetails.js","39","5","lines-between-class-members","Expected blank line between class members.","https://eslint.org/docs/latest/rules/lines-between-class-members","layout","eslint-lwc"
"62","2","1","/home/runner/work/devTestProject0901/devTestProject0901/force-app/main/default/lwc/fetchProjectDetails/fetchProjectDetails.js","39","9","space-before-function-paren","Missing space before function parentheses.","https://eslint.org/docs/latest/rules/space-before-function-paren","layout","eslint-lwc"
"63","2","1","/home/runner/work/devTestProject0901/devTestProject0901/force-app/main/default/lwc/fetchProjectDetails/fetchProjectDetails.js","39","11","padded-blocks","Block must be padded by blank lines.","https://eslint.org/docs/latest/rules/padded-blocks","layout","eslint-lwc"
"64","2","1","/home/runner/work/devTestProject0901/devTestProject0901/force-app/main/default/lwc/fetchProjectDetails/fetchProjectDetails.js","39","11","space-before-blocks","Missing space before opening brace.","https://eslint.org/docs/latest/rules/space-before-blocks","layout","eslint-lwc"
"65","2","1","/home/runner/work/devTestProject0901/devTestProject0901/force-app/main/default/lwc/fetchProjectDetails/fetchProjectDetails.js","40","9","no-console","Unexpected console statement.","https://eslint.org/docs/latest/rules/no-console","suggestion","eslint-lwc"
"66","2","1","/home/runner/work/devTestProject0901/devTestProject0901/force-app/main/default/lwc/fetchProjectDetails/fetchProjectDetails.js","40","21","quotes","Strings must use doublequote.","https://eslint.org/docs/latest/rules/quotes","layout","eslint-lwc"
"67","2","1","/home/runner/work/devTestProject0901/devTestProject0901/force-app/main/default/lwc/fetchProjectDetails/fetchProjectDetails.js","41","24","space-infix-ops","Operator '=' must be spaced.","https://eslint.org/docs/latest/rules/space-infix-ops","layout","eslint-lwc"
"68","2","1","/home/runner/work/devTestProject0901/devTestProject0901/force-app/main/default/lwc/fetchProjectDetails/fetchProjectDetails.js","43","13","quote-props","Unquoted property 'title' found.","https://eslint.org/docs/latest/rules/quote-props","suggestion","eslint-lwc"
"69","2","1","/home/runner/work/devTestProject0901/devTestProject0901/force-app/main/default/lwc/fetchProjectDetails/fetchProjectDetails.js","44","13","quote-props","Unquoted property 'message' found.","https://eslint.org/docs/latest/rules/quote-props","suggestion","eslint-lwc"
"70","2","1","/home/runner/work/devTestProject0901/devTestProject0901/force-app/main/default/lwc/fetchProjectDetails/fetchProjectDetails.js","44","13","sort-keys","Expected object keys to be in ascending order. 'message' should be before 'title'.","https://eslint.org/docs/latest/rules/sort-keys","suggestion","eslint-lwc"
"71","2","1","/home/runner/work/devTestProject0901/devTestProject0901/force-app/main/default/lwc/fetchProjectDetails/fetchProjectDetails.js","44","22","quotes","Strings must use doublequote.","https://eslint.org/docs/latest/rules/quotes","layout","eslint-lwc"
"72","2","1","/home/runner/work/devTestProject0901/devTestProject0901/force-app/main/default/lwc/fetchProjectDetails/fetchProjectDetails.js","45","13","quote-props","Unquoted property 'variant' found.","https://eslint.org/docs/latest/rules/quote-props","suggestion","eslint-lwc"
"73","2","1","/home/runner/work/devTestProject0901/devTestProject0901/force-app/main/default/lwc/fetchProjectDetails/fetchProjectDetails.js","45","22","quotes","Strings must use doublequote.","https://eslint.org/docs/latest/rules/quotes","layout","eslint-lwc"
"74","2","1","/home/runner/work/devTestProject0901/devTestProject0901/force-app/main/default/lwc/fetchProjectDetails/fetchProjectDetails.js","47","41","padded-blocks","Block must be padded by blank lines.","https://eslint.org/docs/latest/rules/padded-blocks","layout","eslint-lwc"
"75","2","1","/home/runner/work/devTestProject0901/devTestProject0901/force-app/main/default/lwc/fetchProjectDetails/fetchProjectDetails.js","50","19","space-before-function-paren","Missing space before function parentheses.","https://eslint.org/docs/latest/rules/space-before-function-paren","layout","eslint-lwc"
"76","2","1","/home/runner/work/devTestProject0901/devTestProject0901/force-app/main/default/lwc/fetchProjectDetails/fetchProjectDetails.js","50","27","padded-blocks","Block must be padded by blank lines.","https://eslint.org/docs/latest/rules/padded-blocks","layout","eslint-lwc"
"77","2","1","/home/runner/work/devTestProject0901/devTestProject0901/force-app/main/default/lwc/fetchProjectDetails/fetchProjectDetails.js","52","18","space-infix-ops","Operator '=' must be spaced.","https://eslint.org/docs/latest/rules/space-infix-ops","layout","eslint-lwc"
"78","2","1","/home/runner/work/devTestProject0901/devTestProject0901/force-app/main/default/lwc/fetchProjectDetails/fetchProjectDetails.js","52","37","no-trailing-spaces","Trailing spaces not allowed.","https://eslint.org/docs/latest/rules/no-trailing-spaces","layout","eslint-lwc"
"79","2","1","/home/runner/work/devTestProject0901/devTestProject0901/force-app/main/default/lwc/fetchProjectDetails/fetchProjectDetails.js","52","37","padded-blocks","Block must be padded by blank lines.","https://eslint.org/docs/latest/rules/padded-blocks","layout","eslint-lwc"
"80","2","1","/home/runner/work/devTestProject0901/devTestProject0901/force-app/main/default/lwc/fetchProjectDetails/fetchProjectDetails.js","54","5","lines-between-class-members","Expected blank line between class members.","https://eslint.org/docs/latest/rules/lines-between-class-members","layout","eslint-lwc"
"81","2","1","/home/runner/work/devTestProject0901/devTestProject0901/force-app/main/default/lwc/fetchProjectDetails/fetchProjectDetails.js","54","12","space-before-function-paren","Missing space before function parentheses.","https://eslint.org/docs/latest/rules/space-before-function-paren","layout","eslint-lwc"
"82","2","1","/home/runner/work/devTestProject0901/devTestProject0901/force-app/main/default/lwc/fetchProjectDetails/fetchProjectDetails.js","54","15","padded-blocks","Block must be padded by blank lines.","https://eslint.org/docs/latest/rules/padded-blocks","layout","eslint-lwc"
"83","2","1","/home/runner/work/devTestProject0901/devTestProject0901/force-app/main/default/lwc/fetchProjectDetails/fetchProjectDetails.js","55","40","padded-blocks","Block must be padded by blank lines.","https://eslint.org/docs/latest/rules/padded-blocks","layout","eslint-lwc"
"84","2","1","/home/runner/work/devTestProject0901/devTestProject0901/force-app/main/default/lwc/fetchProjectDetails/fetchProjectDetails.js","59","5","lines-between-class-members","Expected blank line between class members.","https://eslint.org/docs/latest/rules/lines-between-class-members","layout","eslint-lwc"
"85","2","1","/home/runner/work/devTestProject0901/devTestProject0901/force-app/main/default/lwc/fetchProjectDetails/fetchProjectDetails.js","60","5","lines-between-class-members","Expected blank line between class members.","https://eslint.org/docs/latest/rules/lines-between-class-members","layout","eslint-lwc"
"86","2","1","/home/runner/work/devTestProject0901/devTestProject0901/force-app/main/default/lwc/fetchProjectDetails/fetchProjectDetails.js","61","5","lines-between-class-members","Expected blank line between class members.","https://eslint.org/docs/latest/rules/lines-between-class-members","layout","eslint-lwc"
"87","2","1","/home/runner/work/devTestProject0901/devTestProject0901/force-app/main/default/lwc/fetchProjectDetails/fetchProjectDetails.js","62","5","lines-between-class-members","Expected blank line between class members.","https://eslint.org/docs/latest/rules/lines-between-class-members","layout","eslint-lwc"
"88","2","1","/home/runner/work/devTestProject0901/devTestProject0901/force-app/main/default/lwc/fetchProjectDetails/fetchProjectDetails.js","63","5","lines-between-class-members","Expected blank line between class members.","https://eslint.org/docs/latest/rules/lines-between-class-members","layout","eslint-lwc"
"89","2","1","/home/runner/work/devTestProject0901/devTestProject0901/force-app/main/default/lwc/fetchProjectDetails/fetchProjectDetails.js","64","5","lines-between-class-members","Expected blank line between class members.","https://eslint.org/docs/latest/rules/lines-between-class-members","layout","eslint-lwc"
"90","2","1","/home/runner/work/devTestProject0901/devTestProject0901/force-app/main/default/lwc/fetchProjectDetails/fetchProjectDetails.js","65","5","lines-between-class-members","Expected blank line between class members.","https://eslint.org/docs/latest/rules/lines-between-class-members","layout","eslint-lwc"
"91","2","1","/home/runner/work/devTestProject0901/devTestProject0901/force-app/main/default/lwc/fetchProjectDetails/fetchProjectDetails.js","65","20","semi","Missing semicolon.","https://eslint.org/docs/latest/rules/semi","layout","eslint-lwc"
"92","2","1","/home/runner/work/devTestProject0901/devTestProject0901/force-app/main/default/lwc/fetchProjectDetails/fetchProjectDetails.js","66","5","lines-between-class-members","Expected blank line between class members.","https://eslint.org/docs/latest/rules/lines-between-class-members","layout","eslint-lwc"
"93","2","1","/home/runner/work/devTestProject0901/devTestProject0901/force-app/main/default/lwc/fetchProjectDetails/fetchProjectDetails.js","66","19","space-before-function-paren","Missing space before function parentheses.","https://eslint.org/docs/latest/rules/space-before-function-paren","layout","eslint-lwc"
"94","2","1","/home/runner/work/devTestProject0901/devTestProject0901/force-app/main/default/lwc/fetchProjectDetails/fetchProjectDetails.js","66","27","padded-blocks","Block must be padded by blank lines.","https://eslint.org/docs/latest/rules/padded-blocks","layout","eslint-lwc"
"95","2","1","/home/runner/work/devTestProject0901/devTestProject0901/force-app/main/default/lwc/fetchProjectDetails/fetchProjectDetails.js","67","15","prefer-destructuring","Use array destructuring.","https://eslint.org/docs/latest/rules/prefer-destructuring","suggestion","eslint-lwc"
"96","2","1","/home/runner/work/devTestProject0901/devTestProject0901/force-app/main/default/lwc/fetchProjectDetails/fetchProjectDetails.js","67","41","no-magic-numbers","No magic number: 0.","https://eslint.org/docs/latest/rules/no-magic-numbers","suggestion","eslint-lwc"
"97","2","1","/home/runner/work/devTestProject0901/devTestProject0901/force-app/main/default/lwc/fetchProjectDetails/fetchProjectDetails.js","67","43","semi","Missing semicolon.","https://eslint.org/docs/latest/rules/semi","layout","eslint-lwc"
"98","2","1","/home/runner/work/devTestProject0901/devTestProject0901/force-app/main/default/lwc/fetchProjectDetails/fetchProjectDetails.js","68","9","no-var","Unexpected var, use let or const instead.","https://eslint.org/docs/latest/rules/no-var","suggestion","eslint-lwc"
"99","2","1","/home/runner/work/devTestProject0901/devTestProject0901/force-app/main/default/lwc/fetchProjectDetails/fetchProjectDetails.js","68","38","semi","Missing semicolon.","https://eslint.org/docs/latest/rules/semi","layout","eslint-lwc"
"100","2","1","/home/runner/work/devTestProject0901/devTestProject0901/force-app/main/default/lwc/fetchProjectDetails/fetchProjectDetails.js","69","31","padded-blocks","Block must be padded by blank lines.","https://eslint.org/docs/latest/rules/padded-blocks","layout","eslint-lwc"
"101","2","1","/home/runner/work/devTestProject0901/devTestProject0901/force-app/main/default/lwc/fetchProjectDetails/fetchProjectDetails.js","70","13","no-var","Unexpected var, use let or const instead.","https://eslint.org/docs/latest/rules/no-var","suggestion","eslint-lwc"
"102","2","1","/home/runner/work/devTestProject0901/devTestProject0901/force-app/main/default/lwc/fetchProjectDetails/fetchProjectDetails.js","70","17","prefer-destructuring","Use array destructuring.","https://eslint.org/docs/latest/rules/prefer-destructuring","suggestion","eslint-lwc"
"103","2","1","/home/runner/work/devTestProject0901/devTestProject0901/force-app/main/default/lwc/fetchProjectDetails/fetchProjectDetails.js","70","46","quotes","Strings must use doublequote.","https://eslint.org/docs/latest/rules/quotes","layout","eslint-lwc"
"104","2","1","/home/runner/work/devTestProject0901/devTestProject0901/force-app/main/default/lwc/fetchProjectDetails/fetchProjectDetails.js","70","51","no-magic-numbers","No magic number: 1.","https://eslint.org/docs/latest/rules/no-magic-numbers","suggestion","eslint-lwc"
"105","2","1","/home/runner/work/devTestProject0901/devTestProject0901/force-app/main/default/lwc/fetchProjectDetails/fetchProjectDetails.js","70","53","semi","Missing semicolon.","https://eslint.org/docs/latest/rules/semi","layout","eslint-lwc"
"106","2","1","/home/runner/work/devTestProject0901/devTestProject0901/force-app/main/default/lwc/fetchProjectDetails/fetchProjectDetails.js","72","17","quotes","Strings must use doublequote.","https://eslint.org/docs/latest/rules/quotes","layout","eslint-lwc"
"107","2","1","/home/runner/work/devTestProject0901/devTestProject0901/force-app/main/default/lwc/fetchProjectDetails/fetchProjectDetails.js","73","17","sort-keys","Expected object keys to be in ascending order. 'base64' should be before 'filename'.","https://eslint.org/docs/latest/rules/sort-keys","suggestion","eslint-lwc"
"108","2","1","/home/runner/work/devTestProject0901/devTestProject0901/force-app/main/default/lwc/fetchProjectDetails/fetchProjectDetails.js","73","17","quotes","Strings must use doublequote.","https://eslint.org/docs/latest/rules/quotes","layout","eslint-lwc"
"109","2","1","/home/runner/work/devTestProject0901/devTestProject0901/force-app/main/default/lwc/fetchProjectDetails/fetchProjectDetails.js","73","17","object-shorthand","Expected property shorthand.","https://eslint.org/docs/latest/rules/object-shorthand","suggestion","eslint-lwc"
"110","2","1","/home/runner/work/devTestProject0901/devTestProject0901/force-app/main/default/lwc/fetchProjectDetails/fetchProjectDetails.js","74","17","quotes","Strings must use doublequote.","https://eslint.org/docs/latest/rules/quotes","layout","eslint-lwc"
"111","2","1","/home/runner/work/devTestProject0901/devTestProject0901/force-app/main/default/lwc/fetchProjectDetails/fetchProjectDetails.js","75","14","semi","Missing semicolon.","https://eslint.org/docs/latest/rules/semi","layout","eslint-lwc"
"112","2","1","/home/runner/work/devTestProject0901/devTestProject0901/force-app/main/default/lwc/fetchProjectDetails/fetchProjectDetails.js","76","13","no-console","Unexpected console statement.","https://eslint.org/docs/latest/rules/no-console","suggestion","eslint-lwc"
"113","2","1","/home/runner/work/devTestProject0901/devTestProject0901/force-app/main/default/lwc/fetchProjectDetails/fetchProjectDetails.js","76","39","padded-blocks","Block must be padded by blank lines.","https://eslint.org/docs/latest/rules/padded-blocks","layout","eslint-lwc"
"114","2","1","/home/runner/work/devTestProject0901/devTestProject0901/force-app/main/default/lwc/fetchProjectDetails/fetchProjectDetails.js","76","39","semi","Missing semicolon.","https://eslint.org/docs/latest/rules/semi","layout","eslint-lwc"
"115","2","1","/home/runner/work/devTestProject0901/devTestProject0901/force-app/main/default/lwc/fetchProjectDetails/fetchProjectDetails.js","77","10","semi","Missing semicolon.","https://eslint.org/docs/latest/rules/semi","layout","eslint-lwc"
"116","2","1","/home/runner/work/devTestProject0901/devTestProject0901/force-app/main/default/lwc/fetchProjectDetails/fetchProjectDetails.js","78","35","semi","Missing semicolon.","https://eslint.org/docs/latest/rules/semi","layout","eslint-lwc"
"117","2","1","/home/runner/work/devTestProject0901/devTestProject0901/force-app/main/default/lwc/fetchProjectDetails/fetchProjectDetails.js","79","1","no-trailing-spaces","Trailing spaces not allowed.","https://eslint.org/docs/latest/rules/no-trailing-spaces","layout","eslint-lwc"
"118","2","1","/home/runner/work/devTestProject0901/devTestProject0901/force-app/main/default/lwc/fetchProjectDetails/fetchProjectDetails.js","81","5","lines-between-class-members","Expected blank line between class members.","https://eslint.org/docs/latest/rules/lines-between-class-members","layout","eslint-lwc"
"119","2","1","/home/runner/work/devTestProject0901/devTestProject0901/force-app/main/default/lwc/fetchProjectDetails/fetchProjectDetails.js","81","29","space-before-function-paren","Missing space before function parentheses.","https://eslint.org/docs/latest/rules/space-before-function-paren","layout","eslint-lwc"
"120","2","1","/home/runner/work/devTestProject0901/devTestProject0901/force-app/main/default/lwc/fetchProjectDetails/fetchProjectDetails.js","81","42","padded-blocks","Block must be padded by blank lines.","https://eslint.org/docs/latest/rules/padded-blocks","layout","eslint-lwc"
"121","2","1","/home/runner/work/devTestProject0901/devTestProject0901/force-app/main/default/lwc/fetchProjectDetails/fetchProjectDetails.js","82","1","indent","Expected indentation of 8 spaces but found 12.","https://eslint.org/docs/latest/rules/indent","layout","eslint-lwc"
"122","2","1","/home/runner/work/devTestProject0901/devTestProject0901/force-app/main/default/lwc/fetchProjectDetails/fetchProjectDetails.js","82","44","quotes","Strings must use doublequote.","https://eslint.org/docs/latest/rules/quotes","layout","eslint-lwc"
"123","2","1","/home/runner/work/devTestProject0901/devTestProject0901/force-app/main/default/lwc/fetchProjectDetails/fetchProjectDetails.js","83","1","indent","Expected indentation of 8 spaces but found 12.","https://eslint.org/docs/latest/rules/indent","layout","eslint-lwc"
"124","2","1","/home/runner/work/devTestProject0901/devTestProject0901/force-app/main/default/lwc/fetchProjectDetails/fetchProjectDetails.js","83","13","one-var","Combine this with the previous 'const' statement.","https://eslint.org/docs/latest/rules/one-var","suggestion","eslint-lwc"
"125","2","1","/home/runner/work/devTestProject0901/devTestProject0901/force-app/main/default/lwc/fetchProjectDetails/fetchProjectDetails.js","83","19","prefer-destructuring","Use array destructuring.","https://eslint.org/docs/latest/rules/prefer-destructuring","suggestion","eslint-lwc"
"126","2","1","/home/runner/work/devTestProject0901/devTestProject0901/force-app/main/default/lwc/fetchProjectDetails/fetchProjectDetails.js","83","46","no-magic-numbers","No magic number: 0.","https://eslint.org/docs/latest/rules/no-magic-numbers","suggestion","eslint-lwc"
"127","2","1","/home/runner/work/devTestProject0901/devTestProject0901/force-app/main/default/lwc/fetchProjectDetails/fetchProjectDetails.js","84","1","indent","Expected indentation of 8 spaces but found 12.","https://eslint.org/docs/latest/rules/indent","layout","eslint-lwc"
"128","2","1","/home/runner/work/devTestProject0901/devTestProject0901/force-app/main/default/lwc/fetchProjectDetails/fetchProjectDetails.js","84","13","one-var","Combine this with the previous 'const' statement.","https://eslint.org/docs/latest/rules/one-var","suggestion","eslint-lwc"
"129","2","1","/home/runner/work/devTestProject0901/devTestProject0901/force-app/main/default/lwc/fetchProjectDetails/fetchProjectDetails.js","84","19","prefer-destructuring","Use array destructuring.","https://eslint.org/docs/latest/rules/prefer-destructuring","suggestion","eslint-lwc"
"130","2","1","/home/runner/work/devTestProject0901/devTestProject0901/force-app/main/default/lwc/fetchProjectDetails/fetchProjectDetails.js","84","35","no-magic-numbers","No magic number: 1.","https://eslint.org/docs/latest/rules/no-magic-numbers","suggestion","eslint-lwc"
"131","2","1","/home/runner/work/devTestProject0901/devTestProject0901/force-app/main/default/lwc/fetchProjectDetails/fetchProjectDetails.js","85","1","max-len","This line has a length of 101. Maximum allowed is 80.","https://eslint.org/docs/latest/rules/max-len","layout","eslint-lwc"
"132","2","1","/home/runner/work/devTestProject0901/devTestProject0901/force-app/main/default/lwc/fetchProjectDetails/fetchProjectDetails.js","85","1","indent","Expected indentation of 8 spaces but found 12.","https://eslint.org/docs/latest/rules/indent","layout","eslint-lwc"
"133","2","1","/home/runner/work/devTestProject0901/devTestProject0901/force-app/main/default/lwc/fetchProjectDetails/fetchProjectDetails.js","85","39","prefer-template","Unexpected string concatenation.","https://eslint.org/docs/latest/rules/prefer-template","suggestion","eslint-lwc"
"134","2","1","/home/runner/work/devTestProject0901/devTestProject0901/force-app/main/default/lwc/fetchProjectDetails/fetchProjectDetails.js","85","60","quotes","Strings must use doublequote.","https://eslint.org/docs/latest/rules/quotes","layout","eslint-lwc"
"135","2","1","/home/runner/work/devTestProject0901/devTestProject0901/force-app/main/default/lwc/fetchProjectDetails/fetchProjectDetails.js","85","85","quotes","Strings must use doublequote.","https://eslint.org/docs/latest/rules/quotes","layout","eslint-lwc"
"136","2","1","/home/runner/work/devTestProject0901/devTestProject0901/force-app/main/default/lwc/fetchProjectDetails/fetchProjectDetails.js","85","99","no-trailing-spaces","Trailing spaces not allowed.","https://eslint.org/docs/latest/rules/no-trailing-spaces","layout","eslint-lwc"
"137","2","1","/home/runner/work/devTestProject0901/devTestProject0901/force-app/main/default/lwc/fetchProjectDetails/fetchProjectDetails.js","86","1","indent","Expected indentation of 8 spaces but found 12.","https://eslint.org/docs/latest/rules/indent","layout","eslint-lwc"
"138","2","1","/home/runner/work/devTestProject0901/devTestProject0901/force-app/main/default/lwc/fetchProjectDetails/fetchProjectDetails.js","86","13","no-console","Unexpected console statement.","https://eslint.org/docs/latest/rules/no-console","suggestion","eslint-lwc"
"139","2","1","/home/runner/work/devTestProject0901/devTestProject0901/force-app/main/default/lwc/fetchProjectDetails/fetchProjectDetails.js","86","25","prefer-template","Unexpected string concatenation.","https://eslint.org/docs/latest/rules/prefer-template","suggestion","eslint-lwc"
"140","2","1","/home/runner/work/devTestProject0901/devTestProject0901/force-app/main/default/lwc/fetchProjectDetails/fetchProjectDetails.js","86","25","quotes","Strings must use doublequote.","https://eslint.org/docs/latest/rules/quotes","layout","eslint-lwc"
"141","2","1","/home/runner/work/devTestProject0901/devTestProject0901/force-app/main/default/lwc/fetchProjectDetails/fetchProjectDetails.js","86","49","space-infix-ops","Operator '+' must be spaced.","https://eslint.org/docs/latest/rules/space-infix-ops","layout","eslint-lwc"
"142","2","1","/home/runner/work/devTestProject0901/devTestProject0901/force-app/main/default/lwc/fetchProjectDetails/fetchProjectDetails.js","86","75","padded-blocks","Block must be padded by blank lines.","https://eslint.org/docs/latest/rules/padded-blocks","layout","eslint-lwc"
"143","2","1","/home/runner/work/devTestProject0901/devTestProject0901/force-app/main/default/lwc/fetchProjectDetails/fetchProjectDetails.js","88","1","no-trailing-spaces","Trailing spaces not allowed.","https://eslint.org/docs/latest/rules/no-trailing-spaces","layout","eslint-lwc"
"144","2","1","/home/runner/work/devTestProject0901/devTestProject0901/force-app/main/default/lwc/fetchProjectDetails/fetchProjectDetails.js","89","16","space-before-function-paren","Missing space before function parentheses.","https://eslint.org/docs/latest/rules/space-before-function-paren","layout","eslint-lwc"
"145","2","1","/home/runner/work/devTestProject0901/devTestProject0901/force-app/main/default/lwc/fetchProjectDetails/fetchProjectDetails.js","89","18","padded-blocks","Block must be padded by blank lines.","https://eslint.org/docs/latest/rules/padded-blocks","layout","eslint-lwc"
"146","2","1","/home/runner/work/devTestProject0901/devTestProject0901/force-app/main/default/lwc/fetchProjectDetails/fetchProjectDetails.js","89","18","space-before-blocks","Missing space before opening brace.","https://eslint.org/docs/latest/rules/space-before-blocks","layout","eslint-lwc"
"147","2","1","/home/runner/work/devTestProject0901/devTestProject0901/force-app/main/default/lwc/fetchProjectDetails/fetchProjectDetails.js","90","1","indent","Expected indentation of 8 spaces but found 7.","https://eslint.org/docs/latest/rules/indent","layout","eslint-lwc"
"148","2","1","/home/runner/work/devTestProject0901/devTestProject0901/force-app/main/default/lwc/fetchProjectDetails/fetchProjectDetails.js","90","24","space-infix-ops","Operator '=' must be spaced.","https://eslint.org/docs/latest/rules/space-infix-ops","layout","eslint-lwc"
"149","2","1","/home/runner/work/devTestProject0901/devTestProject0901/force-app/main/default/lwc/fetchProjectDetails/fetchProjectDetails.js","91","1","indent","Expected indentation of 8 spaces but found 7.","https://eslint.org/docs/latest/rules/indent","layout","eslint-lwc"
"150","2","1","/home/runner/work/devTestProject0901/devTestProject0901/force-app/main/default/lwc/fetchProjectDetails/fetchProjectDetails.js","91","20","space-infix-ops","Operator '=' must be spaced.","https://eslint.org/docs/latest/rules/space-infix-ops","layout","eslint-lwc"
"151","2","1","/home/runner/work/devTestProject0901/devTestProject0901/force-app/main/default/lwc/fetchProjectDetails/fetchProjectDetails.js","92","1","indent","Expected indentation of 8 spaces but found 7.","https://eslint.org/docs/latest/rules/indent","layout","eslint-lwc"
"152","2","1","/home/runner/work/devTestProject0901/devTestProject0901/force-app/main/default/lwc/fetchProjectDetails/fetchProjectDetails.js","93","1","indent","Expected indentation of 8 spaces but found 7.","https://eslint.org/docs/latest/rules/indent","layout","eslint-lwc"
"153","2","1","/home/runner/work/devTestProject0901/devTestProject0901/force-app/main/default/lwc/fetchProjectDetails/fetchProjectDetails.js","93","8","no-console","Unexpected console statement.","https://eslint.org/docs/latest/rules/no-console","suggestion","eslint-lwc"
"154","2","1","/home/runner/work/devTestProject0901/devTestProject0901/force-app/main/default/lwc/fetchProjectDetails/fetchProjectDetails.js","93","20","prefer-template","Unexpected string concatenation.","https://eslint.org/docs/latest/rules/prefer-template","suggestion","eslint-lwc"
"155","2","1","/home/runner/work/devTestProject0901/devTestProject0901/force-app/main/default/lwc/fetchProjectDetails/fetchProjectDetails.js","93","20","quotes","Strings must use doublequote.","https://eslint.org/docs/latest/rules/quotes","layout","eslint-lwc"
"156","2","1","/home/runner/work/devTestProject0901/devTestProject0901/force-app/main/default/lwc/fetchProjectDetails/fetchProjectDetails.js","93","44","space-infix-ops","Operator '+' must be spaced.","https://eslint.org/docs/latest/rules/space-infix-ops","layout","eslint-lwc"
"157","2","1","/home/runner/work/devTestProject0901/devTestProject0901/force-app/main/default/lwc/fetchProjectDetails/fetchProjectDetails.js","94","1","indent","Expected indentation of 8 spaces but found 6.","https://eslint.org/docs/latest/rules/indent","layout","eslint-lwc"
"158","2","1","/home/runner/work/devTestProject0901/devTestProject0901/force-app/main/default/lwc/fetchProjectDetails/fetchProjectDetails.js","94","7","capitalized-comments","Comments should not begin with a lowercase character.","https://eslint.org/docs/latest/rules/capitalized-comments","suggestion","eslint-lwc"
"159","2","1","/home/runner/work/devTestProject0901/devTestProject0901/force-app/main/default/lwc/fetchProjectDetails/fetchProjectDetails.js","95","1","no-trailing-spaces","Trailing spaces not allowed.","https://eslint.org/docs/latest/rules/no-trailing-spaces","layout","eslint-lwc"
"160","2","1","/home/runner/work/devTestProject0901/devTestProject0901/force-app/main/default/lwc/fetchProjectDetails/fetchProjectDetails.js","96","1","max-len","This line has a length of 84. Maximum allowed is 80.","https://eslint.org/docs/latest/rules/max-len","layout","eslint-lwc"
"161","2","1","/home/runner/work/devTestProject0901/devTestProject0901/force-app/main/default/lwc/fetchProjectDetails/fetchProjectDetails.js","96","9","no-whitespace-before-property","Unexpected whitespace before property catch.","https://eslint.org/docs/latest/rules/no-whitespace-before-property","layout","eslint-lwc"
"162","2","1","/home/runner/work/devTestProject0901/devTestProject0901/force-app/main/default/lwc/fetchProjectDetails/fetchProjectDetails.js","96","21","object-curly-spacing","There should be no space after '{'.","https://eslint.org/docs/latest/rules/object-curly-spacing","layout","eslint-lwc"
"163","2","1","/home/runner/work/devTestProject0901/devTestProject0901/force-app/main/default/lwc/fetchProjectDetails/fetchProjectDetails.js","96","22","quote-props","Unquoted property 'base64' found.","https://eslint.org/docs/latest/rules/quote-props","suggestion","eslint-lwc"
"164","2","1","/home/runner/work/devTestProject0901/devTestProject0901/force-app/main/default/lwc/fetchProjectDetails/fetchProjectDetails.js","96","29","key-spacing","Missing space before value for key 'base64'.","https://eslint.org/docs/latest/rules/key-spacing","layout","eslint-lwc"
"165","2","1","/home/runner/work/devTestProject0901/devTestProject0901/force-app/main/default/lwc/fetchProjectDetails/fetchProjectDetails.js","96","51","object-property-newline","Object properties must go on a new line.","https://eslint.org/docs/latest/rules/object-property-newline","layout","eslint-lwc"
"166","2","1","/home/runner/work/devTestProject0901/devTestProject0901/force-app/main/default/lwc/fetchProjectDetails/fetchProjectDetails.js","96","51","quote-props","Unquoted property 'filename' found.","https://eslint.org/docs/latest/rules/quote-props","suggestion","eslint-lwc"
"167","2","1","/home/runner/work/devTestProject0901/devTestProject0901/force-app/main/default/lwc/fetchProjectDetails/fetchProjectDetails.js","96","60","key-spacing","Missing space before value for key 'filename'.","https://eslint.org/docs/latest/rules/key-spacing","layout","eslint-lwc"
"168","2","1","/home/runner/work/devTestProject0901/devTestProject0901/force-app/main/default/lwc/fetchProjectDetails/fetchProjectDetails.js","97","1","indent","Expected indentation of 12 spaces but found 8.","https://eslint.org/docs/latest/rules/indent","layout","eslint-lwc"
"169","2","1","/home/runner/work/devTestProject0901/devTestProject0901/force-app/main/default/lwc/fetchProjectDetails/fetchProjectDetails.js","97","9","dot-location","Expected dot to be on same line as object.","https://eslint.org/docs/latest/rules/dot-location","layout","eslint-lwc"
"170","2","1","/home/runner/work/devTestProject0901/devTestProject0901/force-app/main/default/lwc/fetchProjectDetails/fetchProjectDetails.js","97","15","arrow-parens","Expected parentheses around arrow function argument.","https://eslint.org/docs/latest/rules/arrow-parens","layout","eslint-lwc"
"171","2","1","/home/runner/work/devTestProject0901/devTestProject0901/force-app/main/default/lwc/fetchProjectDetails/fetchProjectDetails.js","97","25","padded-blocks","Block must be padded by blank lines.","https://eslint.org/docs/latest/rules/padded-blocks","layout","eslint-lwc"
"172","2","1","/home/runner/work/devTestProject0901/devTestProject0901/force-app/main/default/lwc/fetchProjectDetails/fetchProjectDetails.js","98","1","indent","Expected indentation of 16 spaces but found 12.","https://eslint.org/docs/latest/rules/indent","layout","eslint-lwc"
"173","2","1","/home/runner/work/devTestProject0901/devTestProject0901/force-app/main/default/lwc/fetchProjectDetails/fetchProjectDetails.js","98","13","no-console","Unexpected console statement.","https://eslint.org/docs/latest/rules/no-console","suggestion","eslint-lwc"
"174","2","1","/home/runner/work/devTestProject0901/devTestProject0901/force-app/main/default/lwc/fetchProjectDetails/fetchProjectDetails.js","98","25","prefer-template","Unexpected string concatenation.","https://eslint.org/docs/latest/rules/prefer-template","suggestion","eslint-lwc"
"175","2","1","/home/runner/work/devTestProject0901/devTestProject0901/force-app/main/default/lwc/fetchProjectDetails/fetchProjectDetails.js","98","25","quotes","Strings must use doublequote.","https://eslint.org/docs/latest/rules/quotes","layout","eslint-lwc"
"176","2","1","/home/runner/work/devTestProject0901/devTestProject0901/force-app/main/default/lwc/fetchProjectDetails/fetchProjectDetails.js","98","33","space-infix-ops","Operator '+' must be spaced.","https://eslint.org/docs/latest/rules/space-infix-ops","layout","eslint-lwc"
"177","2","1","/home/runner/work/devTestProject0901/devTestProject0901/force-app/main/default/lwc/fetchProjectDetails/fetchProjectDetails.js","99","1","indent","Expected indentation of 16 spaces but found 12.","https://eslint.org/docs/latest/rules/indent","layout","eslint-lwc"
"178","2","1","/home/runner/work/devTestProject0901/devTestProject0901/force-app/main/default/lwc/fetchProjectDetails/fetchProjectDetails.js","99","28","space-infix-ops","Operator '=' must be spaced.","https://eslint.org/docs/latest/rules/space-infix-ops","layout","eslint-lwc"
"179","2","1","/home/runner/work/devTestProject0901/devTestProject0901/force-app/main/default/lwc/fetchProjectDetails/fetchProjectDetails.js","100","1","indent","Expected indentation of 16 spaces but found 12.","https://eslint.org/docs/latest/rules/indent","layout","eslint-lwc"
"180","2","1","/home/runner/work/devTestProject0901/devTestProject0901/force-app/main/default/lwc/fetchProjectDetails/fetchProjectDetails.js","101","1","indent","Expected indentation of 16 spaces but found 12.","https://eslint.org/docs/latest/rules/indent","layout","eslint-lwc"
"181","2","1","/home/runner/work/devTestProject0901/devTestProject0901/force-app/main/default/lwc/fetchProjectDetails/fetchProjectDetails.js","101","26","space-infix-ops","Operator '=' must be spaced.","https://eslint.org/docs/latest/rules/space-infix-ops","layout","eslint-lwc"
"182","2","1","/home/runner/work/devTestProject0901/devTestProject0901/force-app/main/default/lwc/fetchProjectDetails/fetchProjectDetails.js","101","32","padded-blocks","Block must be padded by blank lines.","https://eslint.org/docs/latest/rules/padded-blocks","layout","eslint-lwc"
"183","2","1","/home/runner/work/devTestProject0901/devTestProject0901/force-app/main/default/lwc/fetchProjectDetails/fetchProjectDetails.js","102","1","indent","Expected indentation of 12 spaces but found 8.","https://eslint.org/docs/latest/rules/indent","layout","eslint-lwc"
"184","2","1","/home/runner/work/devTestProject0901/devTestProject0901/force-app/main/default/lwc/fetchProjectDetails/fetchProjectDetails.js","102","12","newline-per-chained-call","Expected line break before `.catch`.","https://eslint.org/docs/latest/rules/newline-per-chained-call","layout","eslint-lwc"
"185","2","1","/home/runner/work/devTestProject0901/devTestProject0901/force-app/main/default/lwc/fetchProjectDetails/fetchProjectDetails.js","102","19","arrow-parens","Expected parentheses around arrow function argument.","https://eslint.org/docs/latest/rules/arrow-parens","layout","eslint-lwc"
"186","2","1","/home/runner/work/devTestProject0901/devTestProject0901/force-app/main/default/lwc/fetchProjectDetails/fetchProjectDetails.js","102","28","padded-blocks","Block must be padded by blank lines.","https://eslint.org/docs/latest/rules/padded-blocks","layout","eslint-lwc"
"187","2","1","/home/runner/work/devTestProject0901/devTestProject0901/force-app/main/default/lwc/fetchProjectDetails/fetchProjectDetails.js","103","1","indent","Expected indentation of 16 spaces but found 12.","https://eslint.org/docs/latest/rules/indent","layout","eslint-lwc"
"188","2","1","/home/runner/work/devTestProject0901/devTestProject0901/force-app/main/default/lwc/fetchProjectDetails/fetchProjectDetails.js","103","13","no-console","Unexpected console statement.","https://eslint.org/docs/latest/rules/no-console","suggestion","eslint-lwc"
"189","2","1","/home/runner/work/devTestProject0901/devTestProject0901/force-app/main/default/lwc/fetchProjectDetails/fetchProjectDetails.js","104","1","indent","Expected indentation of 16 spaces but found 12.","https://eslint.org/docs/latest/rules/indent","layout","eslint-lwc"
"190","2","1","/home/runner/work/devTestProject0901/devTestProject0901/force-app/main/default/lwc/fetchProjectDetails/fetchProjectDetails.js","105","1","indent","Expected indentation of 16 spaces but found 12.","https://eslint.org/docs/latest/rules/indent","layout","eslint-lwc"
"191","2","1","/home/runner/work/devTestProject0901/devTestProject0901/force-app/main/default/lwc/fetchProjectDetails/fetchProjectDetails.js","105","29","space-infix-ops","Operator '=' must be spaced.","https://eslint.org/docs/latest/rules/space-infix-ops","layout","eslint-lwc"
"192","2","1","/home/runner/work/devTestProject0901/devTestProject0901/force-app/main/default/lwc/fetchProjectDetails/fetchProjectDetails.js","105","37","padded-blocks","Block must be padded by blank lines.","https://eslint.org/docs/latest/rules/padded-blocks","layout","eslint-lwc"
"193","2","1","/home/runner/work/devTestProject0901/devTestProject0901/force-app/main/default/lwc/fetchProjectDetails/fetchProjectDetails.js","106","1","indent","Expected indentation of 12 spaces but found 8.","https://eslint.org/docs/latest/rules/indent","layout","eslint-lwc"
"194","2","1","/home/runner/work/devTestProject0901/devTestProject0901/force-app/main/default/lwc/fetchProjectDetails/fetchProjectDetails.js","106","12","no-trailing-spaces","Trailing spaces not allowed.","https://eslint.org/docs/latest/rules/no-trailing-spaces","layout","eslint-lwc"
"195","2","1","/home/runner/work/devTestProject0901/devTestProject0901/force-app/main/default/lwc/fetchProjectDetails/fetchProjectDetails.js","107","1","no-trailing-spaces","Trailing spaces not allowed.","https://eslint.org/docs/latest/rules/no-trailing-spaces","layout","eslint-lwc"
"196","2","1","/home/runner/work/devTestProject0901/devTestProject0901/force-app/main/default/lwc/fetchProjectDetails/fetchProjectDetails.js","108","1","indent","Expected indentation of 8 spaces but found 11.","https://eslint.org/docs/latest/rules/indent","layout","eslint-lwc"
"197","2","1","/home/runner/work/devTestProject0901/devTestProject0901/force-app/main/default/lwc/fetchProjectDetails/fetchProjectDetails.js","108","12","capitalized-comments","Comments should not begin with a lowercase character.","https://eslint.org/docs/latest/rules/capitalized-comments","suggestion","eslint-lwc"
"198","2","1","/home/runner/work/devTestProject0901/devTestProject0901/force-app/main/default/lwc/fetchProjectDetails/fetchProjectDetails.js","108","34","padded-blocks","Block must be padded by blank lines.","https://eslint.org/docs/latest/rules/padded-blocks","layout","eslint-lwc"
"199","2","1","/home/runner/work/devTestProject0901/devTestProject0901/force-app/main/default/lwc/fetchProjectDetails/fetchProjectDetails.js","110","5","lines-between-class-members","Expected blank line between class members.","https://eslint.org/docs/latest/rules/lines-between-class-members","layout","eslint-lwc"
"200","2","1","/home/runner/work/devTestProject0901/devTestProject0901/force-app/main/default/lwc/fetchProjectDetails/fetchProjectDetails.js","110","21","space-before-function-paren","Missing space before function parentheses.","https://eslint.org/docs/latest/rules/space-before-function-paren","layout","eslint-lwc"
"201","2","1","/home/runner/work/devTestProject0901/devTestProject0901/force-app/main/default/lwc/fetchProjectDetails/fetchProjectDetails.js","110","28","padded-blocks","Block must be padded by blank lines.","https://eslint.org/docs/latest/rules/padded-blocks","layout","eslint-lwc"
"202","2","1","/home/runner/work/devTestProject0901/devTestProject0901/force-app/main/default/lwc/fetchProjectDetails/fetchProjectDetails.js","110","28","space-before-blocks","Missing space before opening brace.","https://eslint.org/docs/latest/rules/space-before-blocks","layout","eslint-lwc"
"203","2","1","/home/runner/work/devTestProject0901/devTestProject0901/force-app/main/default/lwc/fetchProjectDetails/fetchProjectDetails.js","111","47","padded-blocks","Block must be padded by blank lines.","https://eslint.org/docs/latest/rules/padded-blocks","layout","eslint-lwc"
"204","2","1","/home/runner/work/devTestProject0901/devTestProject0901/force-app/main/default/lwc/fetchProjectDetails/fetchProjectDetails.js","113","5","lines-between-class-members","Expected blank line between class members.","https://eslint.org/docs/latest/rules/lines-between-class-members","layout","eslint-lwc"
"205","2","1","/home/runner/work/devTestProject0901/devTestProject0901/force-app/main/default/lwc/fetchProjectDetails/fetchProjectDetails.js","113","15","space-before-function-paren","Missing space before function parentheses.","https://eslint.org/docs/latest/rules/space-before-function-paren","layout","eslint-lwc"
"206","2","1","/home/runner/work/devTestProject0901/devTestProject0901/force-app/main/default/lwc/fetchProjectDetails/fetchProjectDetails.js","113","22","padded-blocks","Block must be padded by blank lines.","https://eslint.org/docs/latest/rules/padded-blocks","layout","eslint-lwc"
"207","2","1","/home/runner/work/devTestProject0901/devTestProject0901/force-app/main/default/lwc/fetchProjectDetails/fetchProjectDetails.js","113","22","space-before-blocks","Missing space before opening brace.","https://eslint.org/docs/latest/rules/space-before-blocks","layout","eslint-lwc"
"208","2","1","/home/runner/work/devTestProject0901/devTestProject0901/force-app/main/default/lwc/fetchProjectDetails/fetchProjectDetails.js","114","41","padded-blocks","Block must be padded by blank lines.","https://eslint.org/docs/latest/rules/padded-blocks","layout","eslint-lwc"
"209","2","1","/home/runner/work/devTestProject0901/devTestProject0901/force-app/main/default/lwc/fetchProjectDetails/fetchProjectDetails.js","116","5","lines-between-class-members","Expected blank line between class members.","https://eslint.org/docs/latest/rules/lines-between-class-members","layout","eslint-lwc"
"210","2","1","/home/runner/work/devTestProject0901/devTestProject0901/force-app/main/default/lwc/fetchProjectDetails/fetchProjectDetails.js","116","18","space-before-function-paren","Missing space before function parentheses.","https://eslint.org/docs/latest/rules/space-before-function-paren","layout","eslint-lwc"
"211","2","1","/home/runner/work/devTestProject0901/devTestProject0901/force-app/main/default/lwc/fetchProjectDetails/fetchProjectDetails.js","116","25","padded-blocks","Block must be padded by blank lines.","https://eslint.org/docs/latest/rules/padded-blocks","layout","eslint-lwc"
"212","2","1","/home/runner/work/devTestProject0901/devTestProject0901/force-app/main/default/lwc/fetchProjectDetails/fetchProjectDetails.js","116","25","space-before-blocks","Missing space before opening brace.","https://eslint.org/docs/latest/rules/space-before-blocks","layout","eslint-lwc"
"213","2","1","/home/runner/work/devTestProject0901/devTestProject0901/force-app/main/default/lwc/fetchProjectDetails/fetchProjectDetails.js","117","44","padded-blocks","Block must be padded by blank lines.","https://eslint.org/docs/latest/rules/padded-blocks","layout","eslint-lwc"
"214","2","1","/home/runner/work/devTestProject0901/devTestProject0901/force-app/main/default/lwc/fetchProjectDetails/fetchProjectDetails.js","119","5","lines-between-class-members","Expected blank line between class members.","https://eslint.org/docs/latest/rules/lines-between-class-members","layout","eslint-lwc"
"215","2","1","/home/runner/work/devTestProject0901/devTestProject0901/force-app/main/default/lwc/fetchProjectDetails/fetchProjectDetails.js","119","18","space-before-function-paren","Missing space before function parentheses.","https://eslint.org/docs/latest/rules/space-before-function-paren","layout","eslint-lwc"
"216","2","1","/home/runner/work/devTestProject0901/devTestProject0901/force-app/main/default/lwc/fetchProjectDetails/fetchProjectDetails.js","119","25","padded-blocks","Block must be padded by blank lines.","https://eslint.org/docs/latest/rules/padded-blocks","layout","eslint-lwc"
"217","2","1","/home/runner/work/devTestProject0901/devTestProject0901/force-app/main/default/lwc/fetchProjectDetails/fetchProjectDetails.js","119","25","space-before-blocks","Missing space before opening brace.","https://eslint.org/docs/latest/rules/space-before-blocks","layout","eslint-lwc"
"218","2","1","/home/runner/work/devTestProject0901/devTestProject0901/force-app/main/default/lwc/fetchProjectDetails/fetchProjectDetails.js","120","44","padded-blocks","Block must be padded by blank lines.","https://eslint.org/docs/latest/rules/padded-blocks","layout","eslint-lwc"
"219","2","1","/home/runner/work/devTestProject0901/devTestProject0901/force-app/main/default/lwc/fetchProjectDetails/fetchProjectDetails.js","122","5","lines-between-class-members","Expected blank line between class members.","https://eslint.org/docs/latest/rules/lines-between-class-members","layout","eslint-lwc"
"220","2","1","/home/runner/work/devTestProject0901/devTestProject0901/force-app/main/default/lwc/fetchProjectDetails/fetchProjectDetails.js","122","22","space-before-function-paren","Missing space before function parentheses.","https://eslint.org/docs/latest/rules/space-before-function-paren","layout","eslint-lwc"
"221","2","1","/home/runner/work/devTestProject0901/devTestProject0901/force-app/main/default/lwc/fetchProjectDetails/fetchProjectDetails.js","122","24","padded-blocks","Block must be padded by blank lines.","https://eslint.org/docs/latest/rules/padded-blocks","layout","eslint-lwc"
"222","2","1","/home/runner/work/devTestProject0901/devTestProject0901/force-app/main/default/lwc/fetchProjectDetails/fetchProjectDetails.js","122","24","space-before-blocks","Missing space before opening brace.","https://eslint.org/docs/latest/rules/space-before-blocks","layout","eslint-lwc"
"223","2","1","/home/runner/work/devTestProject0901/devTestProject0901/force-app/main/default/lwc/fetchProjectDetails/fetchProjectDetails.js","123","1","max-len","This line has a length of 86. Maximum allowed is 80.","https://eslint.org/docs/latest/rules/max-len","layout","eslint-lwc"
"224","2","1","/home/runner/work/devTestProject0901/devTestProject0901/force-app/main/default/lwc/fetchProjectDetails/fetchProjectDetails.js","123","65","no-multi-spaces","Multiple spaces found before '&&'.","https://eslint.org/docs/latest/rules/no-multi-spaces","layout","eslint-lwc"
"225","2","1","/home/runner/work/devTestProject0901/devTestProject0901/force-app/main/default/lwc/fetchProjectDetails/fetchProjectDetails.js","123","67","space-infix-ops","Operator '&&' must be spaced.","https://eslint.org/docs/latest/rules/space-infix-ops","layout","eslint-lwc"
"226","2","1","/home/runner/work/devTestProject0901/devTestProject0901/force-app/main/default/lwc/fetchProjectDetails/fetchProjectDetails.js","123","84","no-trailing-spaces","Trailing spaces not allowed.","https://eslint.org/docs/latest/rules/no-trailing-spaces","layout","eslint-lwc"
"227","2","1","/home/runner/work/devTestProject0901/devTestProject0901/force-app/main/default/lwc/fetchProjectDetails/fetchProjectDetails.js","123","84","padded-blocks","Block must be padded by blank lines.","https://eslint.org/docs/latest/rules/padded-blocks","layout","eslint-lwc"
"228","2","1","/home/runner/work/devTestProject0901/devTestProject0901/force-app/main/default/lwc/fetchProjectDetails/fetchProjectDetails.js","125","5","lines-between-class-members","Expected blank line between class members.","https://eslint.org/docs/latest/rules/lines-between-class-members","layout","eslint-lwc"
"229","2","1","/home/runner/work/devTestProject0901/devTestProject0901/force-app/main/default/lwc/fetchProjectDetails/fetchProjectDetails.js","125","15","space-before-function-paren","Missing space before function parentheses.","https://eslint.org/docs/latest/rules/space-before-function-paren","layout","eslint-lwc"
"230","2","1","/home/runner/work/devTestProject0901/devTestProject0901/force-app/main/default/lwc/fetchProjectDetails/fetchProjectDetails.js","125","17","padded-blocks","Block must be padded by blank lines.","https://eslint.org/docs/latest/rules/padded-blocks","layout","eslint-lwc"
"231","2","1","/home/runner/work/devTestProject0901/devTestProject0901/force-app/main/default/lwc/fetchProjectDetails/fetchProjectDetails.js","125","17","space-before-blocks","Missing space before opening brace.","https://eslint.org/docs/latest/rules/space-before-blocks","layout","eslint-lwc"
"232","2","1","/home/runner/work/devTestProject0901/devTestProject0901/force-app/main/default/lwc/fetchProjectDetails/fetchProjectDetails.js","126","1","indent","Expected indentation of 8 spaces but found 4.","https://eslint.org/docs/latest/rules/indent","layout","eslint-lwc"
"233","2","1","/home/runner/work/devTestProject0901/devTestProject0901/force-app/main/default/lwc/fetchProjectDetails/fetchProjectDetails.js","126","5","no-console","Unexpected console statement.","https://eslint.org/docs/latest/rules/no-console","suggestion","eslint-lwc"
"234","2","1","/home/runner/work/devTestProject0901/devTestProject0901/force-app/main/default/lwc/fetchProjectDetails/fetchProjectDetails.js","126","17","quotes","Strings must use doublequote.","https://eslint.org/docs/latest/rules/quotes","layout","eslint-lwc"
"235","2","1","/home/runner/work/devTestProject0901/devTestProject0901/force-app/main/default/lwc/fetchProjectDetails/fetchProjectDetails.js","127","1","indent","Expected indentation of 8 spaces but found 5.","https://eslint.org/docs/latest/rules/indent","layout","eslint-lwc"
"236","2","1","/home/runner/work/devTestProject0901/devTestProject0901/force-app/main/default/lwc/fetchProjectDetails/fetchProjectDetails.js","127","6","vars-on-top","All 'var' declarations must be at the top of the function scope.","https://eslint.org/docs/latest/rules/vars-on-top","suggestion","eslint-lwc"
"237","2","1","/home/runner/work/devTestProject0901/devTestProject0901/force-app/main/default/lwc/fetchProjectDetails/fetchProjectDetails.js","127","6","no-var","Unexpected var, use let or const instead.","https://eslint.org/docs/latest/rules/no-var","suggestion","eslint-lwc"
"238","2","1","/home/runner/work/devTestProject0901/devTestProject0901/force-app/main/default/lwc/fetchProjectDetails/fetchProjectDetails.js","127","21","space-infix-ops","Operator '=' must be spaced.","https://eslint.org/docs/latest/rules/space-infix-ops","layout","eslint-lwc"
"239","2","1","/home/runner/work/devTestProject0901/devTestProject0901/force-app/main/default/lwc/fetchProjectDetails/fetchProjectDetails.js","128","1","indent","Expected indentation of 12 spaces but found 8.","https://eslint.org/docs/latest/rules/indent","layout","eslint-lwc"
"240","2","1","/home/runner/work/devTestProject0901/devTestProject0901/force-app/main/default/lwc/fetchProjectDetails/fetchProjectDetails.js","128","9","quote-props","Unquoted property 'projectName' found.","https://eslint.org/docs/latest/rules/quote-props","suggestion","eslint-lwc"
"241","2","1","/home/runner/work/devTestProject0901/devTestProject0901/force-app/main/default/lwc/fetchProjectDetails/fetchProjectDetails.js","129","1","indent","Expected indentation of 12 spaces but found 8.","https://eslint.org/docs/latest/rules/indent","layout","eslint-lwc"
"242","2","1","/home/runner/work/devTestProject0901/devTestProject0901/force-app/main/default/lwc/fetchProjectDetails/fetchProjectDetails.js","129","9","quote-props","Unquoted property 'orgEmail' found.","https://eslint.org/docs/latest/rules/quote-props","suggestion","eslint-lwc"
"243","2","1","/home/runner/work/devTestProject0901/devTestProject0901/force-app/main/default/lwc/fetchProjectDetails/fetchProjectDetails.js","129","9","sort-keys","Expected object keys to be in ascending order. 'orgEmail' should be before 'projectName'.","https://eslint.org/docs/latest/rules/sort-keys","suggestion","eslint-lwc"
"244","2","1","/home/runner/work/devTestProject0901/devTestProject0901/force-app/main/default/lwc/fetchProjectDetails/fetchProjectDetails.js","129","18","key-spacing","Missing space before value for key 'orgEmail'.","https://eslint.org/docs/latest/rules/key-spacing","layout","eslint-lwc"
"245","2","1","/home/runner/work/devTestProject0901/devTestProject0901/force-app/main/default/lwc/fetchProjectDetails/fetchProjectDetails.js","130","1","indent","Expected indentation of 12 spaces but found 8.","https://eslint.org/docs/latest/rules/indent","layout","eslint-lwc"
"246","2","1","/home/runner/work/devTestProject0901/devTestProject0901/force-app/main/default/lwc/fetchProjectDetails/fetchProjectDetails.js","130","9","quote-props","Unquoted property 'orgUsername' found.","https://eslint.org/docs/latest/rules/quote-props","suggestion","eslint-lwc"
"247","2","1","/home/runner/work/devTestProject0901/devTestProject0901/force-app/main/default/lwc/fetchProjectDetails/fetchProjectDetails.js","130","21","key-spacing","Missing space before value for key 'orgUsername'.","https://eslint.org/docs/latest/rules/key-spacing","layout","eslint-lwc"
"248","2","1","/home/runner/work/devTestProject0901/devTestProject0901/force-app/main/default/lwc/fetchProjectDetails/fetchProjectDetails.js","131","1","indent","Expected indentation of 12 spaces but found 8.","https://eslint.org/docs/latest/rules/indent","layout","eslint-lwc"
"249","2","1","/home/runner/work/devTestProject0901/devTestProject0901/force-app/main/default/lwc/fetchProjectDetails/fetchProjectDetails.js","131","9","quote-props","Unquoted property 'privateKeyFileId' found.","https://eslint.org/docs/latest/rules/quote-props","suggestion","eslint-lwc"
"250","2","1","/home/runner/work/devTestProject0901/devTestProject0901/force-app/main/default/lwc/fetchProjectDetails/fetchProjectDetails.js","131","26","key-spacing","Missing space before value for key 'privateKeyFileId'.","https://eslint.org/docs/latest/rules/key-spacing","layout","eslint-lwc"
"251","2","1","/home/runner/work/devTestProject0901/devTestProject0901/force-app/main/default/lwc/fetchProjectDetails/fetchProjectDetails.js","132","1","indent","Expected indentation of 12 spaces but found 8.","https://eslint.org/docs/latest/rules/indent","layout","eslint-lwc"
"252","2","1","/home/runner/work/devTestProject0901/devTestProject0901/force-app/main/default/lwc/fetchProjectDetails/fetchProjectDetails.js","132","9","quote-props","Unquoted property 'orgclientId' found.","https://eslint.org/docs/latest/rules/quote-props","suggestion","eslint-lwc"
"253","2","1","/home/runner/work/devTestProject0901/devTestProject0901/force-app/main/default/lwc/fetchProjectDetails/fetchProjectDetails.js","132","9","sort-keys","Expected object keys to be in ascending order. 'orgclientId' should be before 'privateKeyFileId'.","https://eslint.org/docs/latest/rules/sort-keys","suggestion","eslint-lwc"
"254","2","1","/home/runner/work/devTestProject0901/devTestProject0901/force-app/main/default/lwc/fetchProjectDetails/fetchProjectDetails.js","132","21","key-spacing","Missing space before value for key 'orgclientId'.","https://eslint.org/docs/latest/rules/key-spacing","layout","eslint-lwc"
"255","2","1","/home/runner/work/devTestProject0901/devTestProject0901/force-app/main/default/lwc/fetchProjectDetails/fetchProjectDetails.js","132","34","comma-dangle","Unexpected trailing comma.","https://eslint.org/docs/latest/rules/comma-dangle","layout","eslint-lwc"
"256","2","1","/home/runner/work/devTestProject0901/devTestProject0901/force-app/main/default/lwc/fetchProjectDetails/fetchProjectDetails.js","132","35","no-trailing-spaces","Trailing spaces not allowed.","https://eslint.org/docs/latest/rules/no-trailing-spaces","layout","eslint-lwc"
"257","2","1","/home/runner/work/devTestProject0901/devTestProject0901/force-app/main/default/lwc/fetchProjectDetails/fetchProjectDetails.js","133","1","indent","Expected indentation of 8 spaces but found 5.","https://eslint.org/docs/latest/rules/indent","layout","eslint-lwc"
"258","2","1","/home/runner/work/devTestProject0901/devTestProject0901/force-app/main/default/lwc/fetchProjectDetails/fetchProjectDetails.js","134","1","indent","Expected indentation of 8 spaces but found 5.","https://eslint.org/docs/latest/rules/indent","layout","eslint-lwc"
"259","2","1","/home/runner/work/devTestProject0901/devTestProject0901/force-app/main/default/lwc/fetchProjectDetails/fetchProjectDetails.js","134","6","no-console","Unexpected console statement.","https://eslint.org/docs/latest/rules/no-console","suggestion","eslint-lwc"
"260","2","1","/home/runner/work/devTestProject0901/devTestProject0901/force-app/main/default/lwc/fetchProjectDetails/fetchProjectDetails.js","134","18","prefer-template","Unexpected string concatenation.","https://eslint.org/docs/latest/rules/prefer-template","suggestion","eslint-lwc"
"261","2","1","/home/runner/work/devTestProject0901/devTestProject0901/force-app/main/default/lwc/fetchProjectDetails/fetchProjectDetails.js","134","18","quotes","Strings must use doublequote.","https://eslint.org/docs/latest/rules/quotes","layout","eslint-lwc"
"262","2","1","/home/runner/work/devTestProject0901/devTestProject0901/force-app/main/default/lwc/fetchProjectDetails/fetchProjectDetails.js","134","33","space-infix-ops","Operator '+' must be spaced.","https://eslint.org/docs/latest/rules/space-infix-ops","layout","eslint-lwc"
"263","2","1","/home/runner/work/devTestProject0901/devTestProject0901/force-app/main/default/lwc/fetchProjectDetails/fetchProjectDetails.js","135","1","indent","Expected indentation of 8 spaces but found 5.","https://eslint.org/docs/latest/rules/indent","layout","eslint-lwc"
"264","2","1","/home/runner/work/devTestProject0901/devTestProject0901/force-app/main/default/lwc/fetchProjectDetails/fetchProjectDetails.js","135","6","no-whitespace-before-property","Unexpected whitespace before property catch.","https://eslint.org/docs/latest/rules/no-whitespace-before-property","layout","eslint-lwc"
"265","2","1","/home/runner/work/devTestProject0901/devTestProject0901/force-app/main/default/lwc/fetchProjectDetails/fetchProjectDetails.js","135","30","quote-props","Unquoted property 'cd' found.","https://eslint.org/docs/latest/rules/quote-props","suggestion","eslint-lwc"
"266","2","1","/home/runner/work/devTestProject0901/devTestProject0901/force-app/main/default/lwc/fetchProjectDetails/fetchProjectDetails.js","135","33","key-spacing","Missing space before value for key 'cd'.","https://eslint.org/docs/latest/rules/key-spacing","layout","eslint-lwc"
"267","2","1","/home/runner/work/devTestProject0901/devTestProject0901/force-app/main/default/lwc/fetchProjectDetails/fetchProjectDetails.js","135","62","no-trailing-spaces","Trailing spaces not allowed.","https://eslint.org/docs/latest/rules/no-trailing-spaces","layout","eslint-lwc"
"268","2","1","/home/runner/work/devTestProject0901/devTestProject0901/force-app/main/default/lwc/fetchProjectDetails/fetchProjectDetails.js","136","1","indent","Expected indentation of 12 spaces but found 8.","https://eslint.org/docs/latest/rules/indent","layout","eslint-lwc"
"269","2","1","/home/runner/work/devTestProject0901/devTestProject0901/force-app/main/default/lwc/fetchProjectDetails/fetchProjectDetails.js","136","9","dot-location","Expected dot to be on same line as object.","https://eslint.org/docs/latest/rules/dot-location","layout","eslint-lwc"
"270","2","1","/home/runner/work/devTestProject0901/devTestProject0901/force-app/main/default/lwc/fetchProjectDetails/fetchProjectDetails.js","136","15","arrow-parens","Expected parentheses around arrow function argument.","https://eslint.org/docs/latest/rules/arrow-parens","layout","eslint-lwc"
"271","2","1","/home/runner/work/devTestProject0901/devTestProject0901/force-app/main/default/lwc/fetchProjectDetails/fetchProjectDetails.js","136","15","no-unused-vars","'result' is defined but never used.","https://eslint.org/docs/latest/rules/no-unused-vars","problem","eslint-lwc"
"272","2","1","/home/runner/work/devTestProject0901/devTestProject0901/force-app/main/default/lwc/fetchProjectDetails/fetchProjectDetails.js","136","25","padded-blocks","Block must be padded by blank lines.","https://eslint.org/docs/latest/rules/padded-blocks","layout","eslint-lwc"
"273","2","1","/home/runner/work/devTestProject0901/devTestProject0901/force-app/main/default/lwc/fetchProjectDetails/fetchProjectDetails.js","137","1","indent","Expected indentation of 16 spaces but found 12.","https://eslint.org/docs/latest/rules/indent","layout","eslint-lwc"
"274","2","1","/home/runner/work/devTestProject0901/devTestProject0901/force-app/main/default/lwc/fetchProjectDetails/fetchProjectDetails.js","137","13","no-console","Unexpected console statement.","https://eslint.org/docs/latest/rules/no-console","suggestion","eslint-lwc"
"275","2","1","/home/runner/work/devTestProject0901/devTestProject0901/force-app/main/default/lwc/fetchProjectDetails/fetchProjectDetails.js","137","25","prefer-template","Unexpected string concatenation.","https://eslint.org/docs/latest/rules/prefer-template","suggestion","eslint-lwc"
"276","2","1","/home/runner/work/devTestProject0901/devTestProject0901/force-app/main/default/lwc/fetchProjectDetails/fetchProjectDetails.js","137","25","quotes","Strings must use doublequote.","https://eslint.org/docs/latest/rules/quotes","layout","eslint-lwc"
"277","2","1","/home/runner/work/devTestProject0901/devTestProject0901/force-app/main/default/lwc/fetchProjectDetails/fetchProjectDetails.js","137","34","space-infix-ops","Operator '+' must be spaced.","https://eslint.org/docs/latest/rules/space-infix-ops","layout","eslint-lwc"
"278","2","1","/home/runner/work/devTestProject0901/devTestProject0901/force-app/main/default/lwc/fetchProjectDetails/fetchProjectDetails.js","138","1","indent","Expected indentation of 16 spaces but found 12.","https://eslint.org/docs/latest/rules/indent","layout","eslint-lwc"
"279","2","1","/home/runner/work/devTestProject0901/devTestProject0901/force-app/main/default/lwc/fetchProjectDetails/fetchProjectDetails.js","138","17","prefer-const","'titleText' is never reassigned. Use 'const' instead.","https://eslint.org/docs/latest/rules/prefer-const","suggestion","eslint-lwc"
"280","2","1","/home/runner/work/devTestProject0901/devTestProject0901/force-app/main/default/lwc/fetchProjectDetails/fetchProjectDetails.js","138","29","quotes","Strings must use doublequote.","https://eslint.org/docs/latest/rules/quotes","layout","eslint-lwc"
"281","2","1","/home/runner/work/devTestProject0901/devTestProject0901/force-app/main/default/lwc/fetchProjectDetails/fetchProjectDetails.js","139","1","indent","Expected indentation of 16 spaces but found 12.","https://eslint.org/docs/latest/rules/indent","layout","eslint-lwc"
"282","2","1","/home/runner/work/devTestProject0901/devTestProject0901/force-app/main/default/lwc/fetchProjectDetails/fetchProjectDetails.js","140","1","indent","Expected indentation of 16 spaces but found 12.","https://eslint.org/docs/latest/rules/indent","layout","eslint-lwc"
"283","2","1","/home/runner/work/devTestProject0901/devTestProject0901/force-app/main/default/lwc/fetchProjectDetails/fetchProjectDetails.js","141","1","indent","Expected indentation of 16 spaces but found 12.","https://eslint.org/docs/latest/rules/indent","layout","eslint-lwc"
"284","2","1","/home/runner/work/devTestProject0901/devTestProject0901/force-app/main/default/lwc/fetchProjectDetails/fetchProjectDetails.js","141","29","space-infix-ops","Operator '=' must be spaced.","https://eslint.org/docs/latest/rules/space-infix-ops","layout","eslint-lwc"
"285","2","1","/home/runner/work/devTestProject0901/devTestProject0901/force-app/main/default/lwc/fetchProjectDetails/fetchProjectDetails.js","141","37","padded-blocks","Block must be padded by blank lines.","https://eslint.org/docs/latest/rules/padded-blocks","layout","eslint-lwc"
"286","2","1","/home/runner/work/devTestProject0901/devTestProject0901/force-app/main/default/lwc/fetchProjectDetails/fetchProjectDetails.js","142","1","indent","Expected indentation of 12 spaces but found 8.","https://eslint.org/docs/latest/rules/indent","layout","eslint-lwc"
"287","2","1","/home/runner/work/devTestProject0901/devTestProject0901/force-app/main/default/lwc/fetchProjectDetails/fetchProjectDetails.js","142","12","newline-per-chained-call","Expected line break before `.catch`.","https://eslint.org/docs/latest/rules/newline-per-chained-call","layout","eslint-lwc"
"288","2","1","/home/runner/work/devTestProject0901/devTestProject0901/force-app/main/default/lwc/fetchProjectDetails/fetchProjectDetails.js","142","19","arrow-parens","Expected parentheses around arrow function argument.","https://eslint.org/docs/latest/rules/arrow-parens","layout","eslint-lwc"
"289","2","1","/home/runner/work/devTestProject0901/devTestProject0901/force-app/main/default/lwc/fetchProjectDetails/fetchProjectDetails.js","142","28","padded-blocks","Block must be padded by blank lines.","https://eslint.org/docs/latest/rules/padded-blocks","layout","eslint-lwc"
"290","2","1","/home/runner/work/devTestProject0901/devTestProject0901/force-app/main/default/lwc/fetchProjectDetails/fetchProjectDetails.js","143","1","indent","Expected indentation of 16 spaces but found 12.","https://eslint.org/docs/latest/rules/indent","layout","eslint-lwc"
"291","2","1","/home/runner/work/devTestProject0901/devTestProject0901/force-app/main/default/lwc/fetchProjectDetails/fetchProjectDetails.js","143","13","no-console","Unexpected console statement.","https://eslint.org/docs/latest/rules/no-console","suggestion","eslint-lwc"
"292","2","1","/home/runner/work/devTestProject0901/devTestProject0901/force-app/main/default/lwc/fetchProjectDetails/fetchProjectDetails.js","144","1","indent","Expected indentation of 16 spaces but found 12.","https://eslint.org/docs/latest/rules/indent","layout","eslint-lwc"
"293","2","1","/home/runner/work/devTestProject0901/devTestProject0901/force-app/main/default/lwc/fetchProjectDetails/fetchProjectDetails.js","145","1","indent","Expected indentation of 16 spaces but found 12.","https://eslint.org/docs/latest/rules/indent","layout","eslint-lwc"
"294","2","1","/home/runner/work/devTestProject0901/devTestProject0901/force-app/main/default/lwc/fetchProjectDetails/fetchProjectDetails.js","145","29","space-infix-ops","Operator '=' must be spaced.","https://eslint.org/docs/latest/rules/space-infix-ops","layout","eslint-lwc"
"295","2","1","/home/runner/work/devTestProject0901/devTestProject0901/force-app/main/default/lwc/fetchProjectDetails/fetchProjectDetails.js","145","37","padded-blocks","Block must be padded by blank lines.","https://eslint.org/docs/latest/rules/padded-blocks","layout","eslint-lwc"
"296","2","1","/home/runner/work/devTestProject0901/devTestProject0901/force-app/main/default/lwc/fetchProjectDetails/fetchProjectDetails.js","146","1","indent","Expected indentation of 12 spaces but found 8.","https://eslint.org/docs/latest/rules/indent","layout","eslint-lwc"
"297","2","1","/home/runner/work/devTestProject0901/devTestProject0901/force-app/main/default/lwc/fetchProjectDetails/fetchProjectDetails.js","146","12","no-trailing-spaces","Trailing spaces not allowed.","https://eslint.org/docs/latest/rules/no-trailing-spaces","layout","eslint-lwc"
"298","2","1","/home/runner/work/devTestProject0901/devTestProject0901/force-app/main/default/lwc/fetchProjectDetails/fetchProjectDetails.js","147","1","no-trailing-spaces","Trailing spaces not allowed.","https://eslint.org/docs/latest/rules/no-trailing-spaces","layout","eslint-lwc"
"299","2","1","/home/runner/work/devTestProject0901/devTestProject0901/force-app/main/default/lwc/fetchProjectDetails/fetchProjectDetails.js","150","5","lines-between-class-members","Expected blank line between class members.","https://eslint.org/docs/latest/rules/lines-between-class-members","layout","eslint-lwc"
"300","2","1","/home/runner/work/devTestProject0901/devTestProject0901/force-app/main/default/lwc/fetchProjectDetails/fetchProjectDetails.js","150","10","space-before-function-paren","Missing space before function parentheses.","https://eslint.org/docs/latest/rules/space-before-function-paren","layout","eslint-lwc"
"301","2","1","/home/runner/work/devTestProject0901/devTestProject0901/force-app/main/default/lwc/fetchProjectDetails/fetchProjectDetails.js","150","21","padded-blocks","Block must be padded by blank lines.","https://eslint.org/docs/latest/rules/padded-blocks","layout","eslint-lwc"
"302","2","1","/home/runner/work/devTestProject0901/devTestProject0901/force-app/main/default/lwc/fetchProjectDetails/fetchProjectDetails.js","150","21","space-before-blocks","Missing space before opening brace.","https://eslint.org/docs/latest/rules/space-before-blocks","layout","eslint-lwc"
"303","2","1","/home/runner/work/devTestProject0901/devTestProject0901/force-app/main/default/lwc/fetchProjectDetails/fetchProjectDetails.js","152","13","quote-props","Unquoted property 'title' found.","https://eslint.org/docs/latest/rules/quote-props","suggestion","eslint-lwc"
"304","2","1","/home/runner/work/devTestProject0901/devTestProject0901/force-app/main/default/lwc/fetchProjectDetails/fetchProjectDetails.js","152","19","key-spacing","Missing space before value for key 'title'.","https://eslint.org/docs/latest/rules/key-spacing","layout","eslint-lwc"
"305","2","1","/home/runner/work/devTestProject0901/devTestProject0901/force-app/main/default/lwc/fetchProjectDetails/fetchProjectDetails.js","152","34","no-trailing-spaces","Trailing spaces not allowed.","https://eslint.org/docs/latest/rules/no-trailing-spaces","layout","eslint-lwc"
"306","2","1","/home/runner/work/devTestProject0901/devTestProject0901/force-app/main/default/lwc/fetchProjectDetails/fetchProjectDetails.js","153","13","quote-props","Unquoted property 'message' found.","https://eslint.org/docs/latest/rules/quote-props","suggestion","eslint-lwc"
"307","2","1","/home/runner/work/devTestProject0901/devTestProject0901/force-app/main/default/lwc/fetchProjectDetails/fetchProjectDetails.js","153","13","sort-keys","Expected object keys to be in ascending order. 'message' should be before 'title'.","https://eslint.org/docs/latest/rules/sort-keys","suggestion","eslint-lwc"
"308","2","1","/home/runner/work/devTestProject0901/devTestProject0901/force-app/main/default/lwc/fetchProjectDetails/fetchProjectDetails.js","153","21","key-spacing","Missing space before value for key 'message'.","https://eslint.org/docs/latest/rules/key-spacing","layout","eslint-lwc"
"309","2","1","/home/runner/work/devTestProject0901/devTestProject0901/force-app/main/default/lwc/fetchProjectDetails/fetchProjectDetails.js","153","21","quotes","Strings must use doublequote.","https://eslint.org/docs/latest/rules/quotes","layout","eslint-lwc"
"310","2","1","/home/runner/work/devTestProject0901/devTestProject0901/force-app/main/default/lwc/fetchProjectDetails/fetchProjectDetails.js","154","13","quote-props","Unquoted property 'variant' found.","https://eslint.org/docs/latest/rules/quote-props","suggestion","eslint-lwc"
"311","2","1","/home/runner/work/devTestProject0901/devTestProject0901/force-app/main/default/lwc/fetchProjectDetails/fetchProjectDetails.js","154","21","key-spacing","Missing space before value for key 'variant'.","https://eslint.org/docs/latest/rules/key-spacing","layout","eslint-lwc"
"312","2","1","/home/runner/work/devTestProject0901/devTestProject0901/force-app/main/default/lwc/fetchProjectDetails/fetchProjectDetails.js","154","21","quotes","Strings must use doublequote.","https://eslint.org/docs/latest/rules/quotes","layout","eslint-lwc"
"313","2","1","/home/runner/work/devTestProject0901/devTestProject0901/force-app/main/default/lwc/fetchProjectDetails/fetchProjectDetails.js","154","30","comma-dangle","Unexpected trailing comma.","https://eslint.org/docs/latest/rules/comma-dangle","layout","eslint-lwc"
"314","2","1","/home/runner/work/devTestProject0901/devTestProject0901/force-app/main/default/lwc/fetchProjectDetails/fetchProjectDetails.js","156","33","padded-blocks","Block must be padded by blank lines.","https://eslint.org/docs/latest/rules/padded-blocks","layout","eslint-lwc"
"315","2","1","/home/runner/work/devTestProject0901/devTestProject0901/force-app/main/default/lwc/fetchProjectDetails/fetchProjectDetails.js","158","5","lines-between-class-members","Expected blank line between class members.","https://eslint.org/docs/latest/rules/lines-between-class-members","layout","eslint-lwc"
"316","2","1","/home/runner/work/devTestProject0901/devTestProject0901/force-app/main/default/lwc/fetchProjectDetails/fetchProjectDetails.js","158","16","space-before-function-paren","Missing space before function parentheses.","https://eslint.org/docs/latest/rules/space-before-function-paren","layout","eslint-lwc"
"317","2","1","/home/runner/work/devTestProject0901/devTestProject0901/force-app/main/default/lwc/fetchProjectDetails/fetchProjectDetails.js","158","18","padded-blocks","Block must be padded by blank lines.","https://eslint.org/docs/latest/rules/padded-blocks","layout","eslint-lwc"
"318","2","1","/home/runner/work/devTestProject0901/devTestProject0901/force-app/main/default/lwc/fetchProjectDetails/fetchProjectDetails.js","158","18","space-before-blocks","Missing space before opening brace.","https://eslint.org/docs/latest/rules/space-before-blocks","layout","eslint-lwc"
"319","2","1","/home/runner/work/devTestProject0901/devTestProject0901/force-app/main/default/lwc/fetchProjectDetails/fetchProjectDetails.js","159","40","quotes","Strings must use doublequote.","https://eslint.org/docs/latest/rules/quotes","layout","eslint-lwc"
"320","2","1","/home/runner/work/devTestProject0901/devTestProject0901/force-app/main/default/lwc/fetchProjectDetails/fetchProjectDetails.js","159","67","arrow-parens","Expected parentheses around arrow function argument.","https://eslint.org/docs/latest/rules/arrow-parens","layout","eslint-lwc"
"321","2","1","/home/runner/work/devTestProject0901/devTestProject0901/force-app/main/default/lwc/fetchProjectDetails/fetchProjectDetails.js","159","78","padded-blocks","Block must be padded by blank lines.","https://eslint.org/docs/latest/rules/padded-blocks","layout","eslint-lwc"
"322","2","1","/home/runner/work/devTestProject0901/devTestProject0901/force-app/main/default/lwc/fetchProjectDetails/fetchProjectDetails.js","160","1","indent","Expected indentation of 12 spaces but found 14.","https://eslint.org/docs/latest/rules/indent","layout","eslint-lwc"
"323","2","1","/home/runner/work/devTestProject0901/devTestProject0901/force-app/main/default/lwc/fetchProjectDetails/fetchProjectDetails.js","161","1","no-trailing-spaces","Trailing spaces not allowed.","https://eslint.org/docs/latest/rules/no-trailing-spaces","layout","eslint-lwc"
"324","2","1","/home/runner/work/devTestProject0901/devTestProject0901/force-app/main/default/lwc/fetchProjectDetails/fetchProjectDetails.js","162","1","indent","Expected indentation of 8 spaces but found 4.","https://eslint.org/docs/latest/rules/indent","layout","eslint-lwc"
"325","2","1","/home/runner/work/devTestProject0901/devTestProject0901/force-app/main/default/lwc/fetchProjectDetails/fetchProjectDetails.js","162","8","padded-blocks","Block must be padded by blank lines.","https://eslint.org/docs/latest/rules/padded-blocks","layout","eslint-lwc"
"326","2","1","/home/runner/work/devTestProject0901/devTestProject0901/force-app/main/default/lwc/fetchProjectDetails/fetchProjectDetails.js","163","1","indent","Expected indentation of 4 spaces but found 0.","https://eslint.org/docs/latest/rules/indent","layout","eslint-lwc"
"327","2","1","/home/runner/work/devTestProject0901/devTestProject0901/force-app/main/default/lwc/fetchProjectDetails/fetchProjectDetails.js","164","1","no-trailing-spaces","Trailing spaces not allowed.","https://eslint.org/docs/latest/rules/no-trailing-spaces","layout","eslint-lwc"
"328","2","1","/home/runner/work/devTestProject0901/devTestProject0901/force-app/main/default/lwc/fetchProjectDetails/fetchProjectDetails.js","165","1","no-trailing-spaces","Trailing spaces not allowed.","https://eslint.org/docs/latest/rules/no-trailing-spaces","layout","eslint-lwc"
"329","2","1","/home/runner/work/devTestProject0901/devTestProject0901/force-app/main/default/lwc/fetchProjectDetails/fetchProjectDetails.js","166","2","eol-last","Newline required at end of file but not found.","https://eslint.org/docs/latest/rules/eol-last","layout","eslint-lwc"
